-- phpMyAdmin SQL Dump
-- version 2.11.9.4
-- http://www.phpmyadmin.net
--
-- Host: oniddb
-- Generation Time: Dec 04, 2016 at 03:59 PM
-- Server version: 5.5.52
-- PHP Version: 5.2.6-1+lenny16

SET SQL_MODE="NO_AUTO_VALUE_ON_ZERO";


/*!40101 SET @OLD_CHARACTER_SET_CLIENT=@@CHARACTER_SET_CLIENT */;
/*!40101 SET @OLD_CHARACTER_SET_RESULTS=@@CHARACTER_SET_RESULTS */;
/*!40101 SET @OLD_COLLATION_CONNECTION=@@COLLATION_CONNECTION */;
/*!40101 SET NAMES utf8 */;

--
-- Database: `nichocam-db`
--
CREATE DATABASE `nichocam-db` DEFAULT CHARACTER SET latin1 COLLATE latin1_swedish_ci;
USE `nichocam-db`;

-- --------------------------------------------------------

--
-- Table structure for table `ABPlot`
--

CREATE TABLE IF NOT EXISTS `ABPlot` (
  `Plot_Title` varchar(25) NOT NULL,
  `Episode_Title` varchar(50) NOT NULL,
  `Level` varchar(1) NOT NULL,
  PRIMARY KEY (`Plot_Title`,`Episode_Title`)
) ENGINE=InnoDB DEFAULT CHARSET=latin1;

--
-- Dumping data for table `ABPlot`
--

INSERT INTO `ABPlot` (`Plot_Title`, `Episode_Title`, `Level`) VALUES
('DS9S01E01A', 'Emissary Part 1', 'A'),
('DS9S01E01B', 'Emissary Part 1', 'B'),
('DS9S01E02A', 'Emissary Part 2', 'A'),
('DS9S01E02B', 'Emissary Part 2', 'B'),
('DS9S01E03A', 'Past Prologue', 'A'),
('DS9S01E03B', 'Past Prologue', 'B'),
('DS9S01E04A', 'A Man Alone', 'A'),
('DS9S01E04B', 'A Man Alone', 'B'),
('DS9S01E05A', 'Babel', 'A'),
('DS9S01E05B', 'Babel', 'B'),
('DS9S01E06A', 'Captive Pursuit', 'A'),
('DS9S01E06B', 'Captive Pursuit', 'B'),
('DS9S01E07A', 'Q-Less', 'A'),
('DS9S01E07B', 'Q-Less', 'B'),
('DS9S01E08A', 'Dax', 'A'),
('DS9S01E08B', 'Dax', 'B'),
('DS9S01E09A', 'The Passenger', 'A'),
('DS9S01E09B', 'The Passenger', 'B'),
('DS9S01E10A', 'Move Along Home', 'A'),
('DS9S01E10B', 'Move Along Home', 'B'),
('DS9S01E11A', 'The Nagus', 'A'),
('DS9S01E11B', 'The Nagus', 'B'),
('DS9S01E12A', 'Vortex', 'A'),
('DS9S01E12B', 'Vortex', 'B'),
('DS9S01E13A', 'Battle Lines', 'A'),
('DS9S01E13B', 'Battle Lines', 'B'),
('DS9S01E14A', 'The Storyteller', 'A'),
('DS9S01E14B', 'The Storyteller', 'B'),
('DS9S01E15A', 'Progress', 'A'),
('DS9S01E15B', 'Progress', 'B'),
('DS9S01E16A', 'If Wishes Were Horses', 'A'),
('DS9S01E16B', 'If Wishes Were Horses', 'B'),
('DS9S01E17A', 'The Forsaken', 'A'),
('DS9S01E17B', 'The Forsaken', 'B'),
('DS9S01E18A', 'Dramatis Personae', 'A'),
('DS9S01E18B', 'Dramatis Personae', 'B'),
('DS9S01E19A', 'Duet', 'A'),
('DS9S01E19B', 'Duet', 'B'),
('DS9S01E20A', 'In the Hands of the Prophets', 'A'),
('DS9S01E20B', 'In the Hands of the Prophets', 'B'),
('TNGS01E01A', 'Encounter at Farpoint Part 1', 'A'),
('TNGS01E01B', 'Encounter at Farpoint Part 1', 'B'),
('TNGS01E02A', 'Encounter at Farpoint Part 2', 'A'),
('TNGS01E02B', 'Encounter at Farpoint Part 2', 'B'),
('TNGS01E03A', 'The Naked Now', 'A'),
('TNGS01E03B', 'The Naked Now', 'B'),
('TNGS01E04A', 'Code of Honor', 'A'),
('TNGS01E04B', 'Code of Honor', 'B'),
('TNGS01E05A', 'The Last Outpost', 'A'),
('TNGS01E05B', 'The Last Outpost', 'B'),
('TNGS01E06A', 'Where No One Has Gone Before', 'A'),
('TNGS01E06B', 'Where No One Has Gone Before', 'B'),
('TNGS01E07A', 'Lonely Among Us', 'A'),
('TNGS01E07B', 'Lonely Among Us', 'B'),
('TNGS01E08A', 'Justice', 'A'),
('TNGS01E08B', 'Justice', 'B'),
('TNGS01E09A', 'The Battle', 'A'),
('TNGS01E09B', 'The Battle', 'B'),
('TNGS01E10A', 'Hide and Q', 'A'),
('TNGS01E10B', 'Hide and Q', 'B'),
('TNGS01E11A', 'Haven', 'A'),
('TNGS01E11B', 'Haven', 'B'),
('TNGS01E12A', 'The Big Goodbye', 'A'),
('TNGS01E12B', 'The Big Goodbye', 'B'),
('TNGS01E13A', 'Datalore', 'A'),
('TNGS01E13B', 'Datalore', 'B'),
('TNGS01E14A', 'Angel One', 'A'),
('TNGS01E14B', 'Angel One', 'B'),
('TNGS01E15A', '11001001', 'A'),
('TNGS01E15B', '11001001', 'B'),
('TNGS01E16A', 'Too Short a Season', 'A'),
('TNGS01E16B', 'Too Short a Season', 'B'),
('TNGS01E17A', 'When the Bough Breaks', 'A'),
('TNGS01E17B', 'When the Bough Breaks', 'B'),
('TNGS01E18A', 'Home Soil', 'A'),
('TNGS01E18B', 'Home Soil', 'B'),
('TNGS01E19A', 'Coming of Age', 'A'),
('TNGS01E19B', 'Coming of Age', 'B'),
('TNGS01E20A', 'Heart of Glory', 'A'),
('TNGS01E20B', 'Heart of Glory', 'B'),
('TNGS01E21A', 'The Arsenal of Freedom', 'A'),
('TNGS01E21B', 'The Arsenal of Freedom', 'B'),
('TNGS01E22A', 'Symbiosis', 'A'),
('TNGS01E22B', 'Symbiosis', 'B'),
('TNGS01E23A', 'Skin of Evil', 'A'),
('TNGS01E23B', 'Skin of Evil', 'B'),
('TNGS01E24A', 'We''ll Always Have Paris', 'A'),
('TNGS01E24B', 'We''ll Always Have Paris', 'B'),
('TNGS01E25A', 'Conspiracy', 'A'),
('TNGS01E25B', 'Conspiracy', 'B'),
('TNGS01E26A', 'The Neutral Zone', 'A'),
('TNGS01E26B', 'The Neutral Zone', 'B');

-- --------------------------------------------------------

--
-- Table structure for table `CT`
--

CREATE TABLE IF NOT EXISTS `CT` (
  `Character_name` varchar(25) NOT NULL,
  `Main_version` varchar(25) NOT NULL,
  `Actor` varchar(25) NOT NULL,
  `Role` varchar(25) NOT NULL,
  `Archetype` varchar(25) NOT NULL,
  PRIMARY KEY (`Character_name`,`Role`)
) ENGINE=InnoDB DEFAULT CHARSET=latin1;

--
-- Dumping data for table `CT`
--

INSERT INTO `CT` (`Character_name`, `Main_version`, `Actor`, `Role`, `Archetype`) VALUES
('Argyle', 'None', 'Biff Yeager', 'Chief Engineer', 'Chuck Cunningham'),
('Bareil Antos', 'None', 'Philip Anglim', 'Vedek', 'Love Interest'),
('Benjamin Sisko', 'None', 'Avery Brooks', 'Commander', 'Diplomat'),
('Beverly Crusher', 'None', 'Gates McFadden', 'Doctor', 'Nurturer'),
('Data', 'None', 'Brent Spiner', 'Chief Science Officer', 'Outsider'),
('Deanna Troi', 'None', 'Marina Sirtis', 'Counselor', 'Empath'),
('Dexter Remmick', 'None', 'Robert Schenkkan', 'Lt Commander', 'Wolf in Sheep''s Clothing'),
('Dukat', 'None', 'Marc Alaimo', 'Enemy Commander', 'Foil'),
('Elim Garak', 'None', 'Andrew Robinson', 'Spy', 'Moral Gray'),
('Geordi LaForge', 'None', 'LeVar Burton', 'Engineer', 'Fix-it'),
('George Primmin', 'None', 'James Lashly', 'Security Officer', 'Beat Cop'),
('Gregory Quinn', 'None', 'Ward Costello', 'Rear Admiral', 'Wolf in Sheep''s Clothing'),
('Jadzia Dax', 'None', 'Terry Farrell', 'Chief Science Officer', 'Flirt'),
('Jake Sisko', 'None', 'Cirroc Lofton', 'None', 'Family'),
('Jake Sisko Prophet', 'Jake Sisko', 'Cirroc Lofton', 'God', 'Wormhole Alien'),
('Jean Luc Picard', 'None', 'Patrick Stewart', 'Captain', 'Diplomat'),
('Jean Luc Picard Prophet', 'Jean Luc Picard', 'Patrick Stewart', 'God', 'Wormhole Alien'),
('Jennifer Sisko', 'None', 'Felecia M. Bell', 'None', 'Ghost'),
('Jennifer Sisko Prophet', 'Jennifer Sisko', 'Felecia M. Bell', 'God', 'Wormhole Alien'),
('Jones', 'None', 'Randy Pflug', 'Security Officer', 'Background Character'),
('Julian Bashir', 'None', 'Alexander Siddig', 'Chief Medical Officer', 'Ladies Man'),
('Kai Opaka Prophet', 'Opaka', 'Camille Saviola', 'God', 'Wormhole Alien'),
('Keiko O''Brien', 'None', 'Rosalind Chao', 'Teacher', 'None'),
('Kira Nerys', 'None', 'Nana Visitor', 'First Officer', 'Fighter'),
('Leonard McCoy', 'None', 'DeForest Kelley', 'Admiral', 'Cameo'),
('Letek', 'Quark', 'Armin Shimerman', 'Raider', 'Prototype'),
('Locutus', 'Jean Luc Picard', 'Patrick Stewart', 'Borg King', 'Borg'),
('Locutus Prophet', 'Locutus', 'Patrick Stewart', 'God', 'Wormhole Alien'),
('Lore', 'None', 'Brent Spiner', 'Foil', 'Evil Twin'),
('Lwaxana Troi', 'None', 'Majel Barrett-Roddenberry', 'Ambassador', 'Comic Relief'),
('Miles O''Brien', 'None', 'Colm Meaney', 'Chief of Operations', 'Fix-it'),
('Molly O''Brien', 'None', 'Hana Hatae', 'None', 'Family'),
('Neela', 'None', 'Robin Christopher', 'Engineer', 'Religious Zealot'),
('Nog', 'None', 'Aron Eisenberg', 'Waiter', 'Alien'),
('Odo', 'None', 'Rene Auberjonois', 'Chief of Security', 'Outsider'),
('Opaka', 'None', 'Camille Saviola', 'Spiritual Leader', 'Supernatural Aide'),
('Q', 'None', 'John de Lancie', 'God', 'Trickster'),
('Quark', 'None', 'Armin Shimerman', 'Bartender/Cook', 'Alien'),
('Rom', 'None', 'Max Grodenchik', 'Waiter', 'Fool'),
('Tasha Yar', 'None', 'Denise Crosby', 'Chief of Security', 'Fighter'),
('The Traveler', 'None', 'Eric Menyuk', 'Alien', 'Helper'),
('Vash', 'None', 'Jennifer Hetrick', 'Treasure Hunter', 'Love Interest'),
('Wesley Crusher', 'None', 'Wil Wheton', 'Acting Ensign', 'Author Avatar'),
('William Riker', 'None', 'Jonathan Frakes', 'First Officer', 'Flirt'),
('Winn Adami', 'None', 'Louise Fletcher', 'Vedek', 'Foil'),
('Worf', 'None', 'Michael Dorn', 'Security Officer', 'Worryer'),
('Zek', 'None', 'Wallace Shawn', 'Grand Nagus', 'Old Man');

-- --------------------------------------------------------

--
-- Table structure for table `Episode`
--

CREATE TABLE IF NOT EXISTS `Episode` (
  `Episode_Title` varchar(50) NOT NULL,
  `Season_and_Episode` varchar(9) NOT NULL,
  `Length` time NOT NULL,
  `Command` varchar(15) NOT NULL,
  `Airdate` date NOT NULL,
  `Stardate` float NOT NULL,
  `Continuity` varchar(6) NOT NULL,
  `Roddenberry` varchar(3) NOT NULL,
  PRIMARY KEY (`Episode_Title`)
) ENGINE=InnoDB DEFAULT CHARSET=latin1;

--
-- Dumping data for table `Episode`
--

INSERT INTO `Episode` (`Episode_Title`, `Season_and_Episode`, `Length`, `Command`, `Airdate`, `Stardate`, `Continuity`, `Roddenberry`) VALUES
('11001001', 'TNGS01E15', '00:45:29', 'Enterprise D', '1988-02-01', 41365.9, 'Main', 'Yes'),
('A Man Alone', 'DS9S01E04', '00:45:35', 'Deep Space 9', '1993-01-17', 46423.7, 'Main', 'No'),
('Angel One', 'TNGS01E14', '00:45:29', 'Enterprise D', '1988-01-25', 41636.9, 'Main', 'Yes'),
('Babel', 'DS9S01E05', '00:45:41', 'Deep Space 9', '1993-01-24', 46423.7, 'Main', 'No'),
('Battle Lines', 'DS9S01E13', '00:45:40', 'Deep Space 9', '1993-04-25', 46715.2, 'Main', 'No'),
('Captive Pursuit', 'DS9S01E06', '00:45:39', 'Deep Space 9', '1993-01-30', 46477.5, 'Main', 'No'),
('Code of Honor', 'TNGS01E04', '00:45:33', 'Enterprise D', '1987-10-12', 41235.2, 'Main', 'Yes'),
('Coming of Age', 'TNGS01E19', '00:45:31', 'Enterprise D', '1988-03-14', 41416.2, 'Main', 'Yes'),
('Conspiracy', 'TNGS01E25', '00:45:31', 'Enterprise D', '1988-05-09', 41775.5, 'Main', 'Yes'),
('Datalore', 'TNGS01E13', '00:45:35', 'Enterprise D', '1988-01-18', 41242.4, 'Main', 'Yes'),
('Dax', 'DS9S01E08', '00:45:34', 'Deep Space 9', '1993-02-13', 46910.1, 'Main', 'No'),
('Dramatis Personae', 'DS9S01E18', '00:45:40', 'Deep Space 9', '1993-05-30', 46922.3, 'Main', 'No'),
('Duet', 'DS9S01E19', '00:45:41', 'Deep Space 9', '1993-06-13', 46933.4, 'Main', 'No'),
('Emissary Part 1', 'DS9S01E01', '00:45:18', 'Deep Space 9', '1993-01-03', 46379.1, 'Main', 'No'),
('Emissary Part 2', 'DS9S01E02', '00:45:18', 'Deep Space 9', '1993-01-03', 46380.1, 'Main', 'No'),
('Encounter at Farpoint Part 1', 'TNGS01E01', '00:45:37', 'Enterprise D', '1987-09-28', 41153.7, 'Main', 'Yes'),
('Encounter at Farpoint Part 2', 'TNGS01E02', '00:45:37', 'Enterprise D', '1987-09-28', 41209.2, 'Main', 'Yes'),
('Haven', 'TNGS01E11', '00:45:33', 'Enterprise D', '1987-11-30', 41294.5, 'Main', 'Yes'),
('Heart of Glory', 'TNGS01E20', '00:45:31', 'Enterprise D', '1988-03-21', 41503.7, 'Main', 'Yes'),
('Hide and Q', 'TNGS01E10', '00:45:31', 'Enterprise D', '1987-11-23', 41590.5, 'Main', 'Yes'),
('Home Soil', 'TNGS01E18', '00:45:33', 'Enterprise D', '1988-02-22', 41463.9, 'Main', 'Yes'),
('If Wishes Were Horses', 'DS9S01E16', '00:45:41', 'Deep Space 9', '1993-05-16', 46853.2, 'Main', 'No'),
('In the Hands of the Prophets', 'DS9S01E20', '00:45:41', 'Deep Space 9', '1993-06-20', 46951.7, 'Main', 'No'),
('Justice', 'TNGS01E08', '00:45:31', 'Enterprise D', '1987-11-09', 41255.6, 'Main', 'Yes'),
('Lonely Among Us', 'TNGS01E07', '00:45:31', 'Enterprise D', '1987-11-02', 41249.3, 'Main', 'Yes'),
('Move Along Home', 'DS9S01E10', '00:45:36', 'Deep Space 9', '1993-03-14', 46612.4, 'Main', 'No'),
('Past Prologue', 'DS9S01E03', '00:45:36', 'Deep Space 9', '1993-01-09', 46411.5, 'Main', 'No'),
('Progress', 'DS9S01E15', '00:45:39', 'Deep Space 9', '1993-05-09', 46844.3, 'Main', 'No'),
('Q-Less', 'DS9S01E07', '00:45:41', 'Deep Space 9', '1993-02-06', 46531.2, 'Main', 'No'),
('Skin of Evil', 'TNGS01E23', '00:45:29', 'Enterprise D', '1988-04-25', 41601.3, 'Main', 'Yes'),
('Symbiosis', 'TNGS01E22', '00:45:33', 'Enterprise D', '1988-04-18', 41503.7, 'Main', 'Yes'),
('The Arsenal of Freedom', 'TNGS01E21', '00:45:31', 'Enterprise D', '1988-04-11', 41798.2, 'Main', 'Yes'),
('The Battle', 'TNGS01E09', '00:45:31', 'Enterprise D', '1987-11-16', 41723.9, 'Main', 'Yes'),
('The Big Goodbye', 'TNGS01E12', '00:45:29', 'Enterprise D', '1988-01-11', 41997.7, 'Main', 'Yes'),
('The Forsaken', 'DS9S01E17', '00:45:38', 'Deep Space 9', '1993-05-23', 46925.1, 'Main', 'No'),
('The Last Outpost', 'TNGS01E05', '00:45:37', 'Enterprise D', '1987-10-19', 41386.4, 'Main', 'Yes'),
('The Nagus', 'DS9S01E11', '00:45:36', 'Deep Space 9', '1993-03-21', 46657, 'Main', 'No'),
('The Naked Now', 'TNGS01E03', '00:45:35', 'Enterprise D', '1987-10-05', 41209.2, 'Main', 'Yes'),
('The Neutral Zone', 'TNGS01E26', '00:45:31', 'Enterprise D', '1988-05-16', 41986, 'Main', 'Yes'),
('The Passenger', 'DS9S01E09', '00:45:45', 'Deep Space 9', '1993-02-20', 46570.8, 'Main', 'No'),
('The Storyteller', 'DS9S01E14', '00:45:40', 'Deep Space 9', '1993-05-02', 46729.1, 'Main', 'No'),
('Too Short a Season', 'TNGS01E16', '00:45:29', 'Enterprise D', '1988-02-08', 41309.5, 'Main', 'Yes'),
('Vortex', 'DS9S01E12', '00:45:38', 'Deep Space 9', '1993-04-18', 46689.6, 'Main', 'No'),
('We''ll Always Have Paris', 'TNGS01E24', '00:45:29', 'Enterprise D', '1988-05-02', 41697.9, 'Main', 'Yes'),
('When the Bough Breaks', 'TNGS01E17', '00:45:37', 'Enterprise D', '1988-02-15', 41509.1, 'Main', 'Yes'),
('Where No One Has Gone Before', 'TNGS01E06', '00:45:35', 'Enterprise D', '1987-10-26', 41263.1, 'Main', 'Yes');

-- --------------------------------------------------------

--
-- Table structure for table `Plot`
--

CREATE TABLE IF NOT EXISTS `Plot` (
  `Plot_Title` varchar(25) NOT NULL,
  `Description` varchar(255) NOT NULL,
  PRIMARY KEY (`Plot_Title`)
) ENGINE=InnoDB DEFAULT CHARSET=latin1;

--
-- Dumping data for table `Plot`
--

INSERT INTO `Plot` (`Plot_Title`, `Description`) VALUES
('DS9S01E01A', 'An introduction to the main focus of the series: The space station, and the Bajoran Wormhole.'),
('DS9S01E01B', 'There are several side plots focused on introducing the main characters'),
('DS9S01E02A', 'Traveling into the wormhole Sisko meets the prophets of the Bajoran people, and becomes their Emissary.'),
('DS9S01E02B', 'Kira faces off against several Cardassian war ships defending the station.'),
('DS9S01E03A', 'A Bajoran terrorist shows up at the station with Cardassians hot on his tail. Kira tries to convince him that the war is over.'),
('DS9S01E03B', 'Garak sees the attractive new doctor and goes up to flirt with him. A friendship is born.'),
('DS9S01E04A', 'A Bajoran double agent returns to DS9. When he turns up dead the people turn on Odo.'),
('DS9S01E04B', 'Keiko feels unfulfilled and decides to start a school. Several relationships are explored.'),
('DS9S01E05A', 'A disease sweeps through the station causing aphasia.'),
('DS9S01E05B', 'The relationship between Quark and Odo fleshes out.'),
('DS9S01E06A', 'The station recieves their first visitor from the Gamma Quadrant, and he seems very nervous.'),
('DS9S01E06B', 'There was no room for a B plot.'),
('DS9S01E07A', 'Q shows up. What more do you need to know'),
('DS9S01E07B', 'No room for a B plot'),
('DS9S01E08A', 'Jadzia faces charges aimed at Curzon.'),
('DS9S01E08B', 'Dax''s relationships with the crew are fleshed out.'),
('DS9S01E09A', 'A criminal who makes a habit of cheating death has died, and is now loose on the station.'),
('DS9S01E09B', 'Quark and Odo''s cat and mouse continues. George Primmin objects.'),
('DS9S01E10A', 'First contact with the Wadi places the senior officers in a giant game.'),
('DS9S01E10B', 'No room for a B plot'),
('DS9S01E11A', 'The Nagus arrives on the station with important news for Quark.'),
('DS9S01E11B', 'Jake and Nog have their friendship put under strain by school, and parents.'),
('DS9S01E12A', 'Odo meets a criminal who may know about his past, and his integrity is put to the test.'),
('DS9S01E12B', 'No room for a B plot'),
('DS9S01E13A', 'Kai Opaka shows up on the station speaking of prophecy, and Sisko gives her a tour that includes the gamma quadrant. The shuttle crashes on a warring prison planet.'),
('DS9S01E13B', 'No room for a B plot'),
('DS9S01E14A', 'The Chief and Bashir are called for a medical emergency, and Miles ends up a god for a group of people fending off an energy being.'),
('DS9S01E14B', 'Jake and Nog teach a Bajoran leader in the midst of negotiations what it means to be a kid.'),
('DS9S01E15A', 'The Bajoran government has requisitioned land for the greater good. One obstinate farmer refuses to leave his home of 40 years and Kira must convince him.'),
('DS9S01E15B', 'Jake and Nog trade their way up from some condiments to become land barons'),
('DS9S01E16A', 'The imaginations of the station starts coming to life, does it have something to do with the rip in space threatening to engulf the station?'),
('DS9S01E16B', 'No room for a B plot.'),
('DS9S01E17A', 'Several Ambassadors show up for a tour of the station, including Lwaxana Troi. She and Odo get trapped in the turbolift.'),
('DS9S01E17B', 'No room for a B plot.'),
('DS9S01E18A', 'The crew begins behaving oddly, taking on personality traits not their own. A power struggle ensues'),
('DS9S01E18B', 'No room for a B plot.'),
('DS9S01E19A', 'When a Cardassian shows up with a rare disease he could only have got at a forced labor camp Kira goes on the warpath.'),
('DS9S01E19B', 'No room for a B plot.'),
('DS9S01E20A', 'Vedek Winn shows up to piss everybody off. She wages a religious war against the station and the school.'),
('DS9S01E20B', 'No room for a B plot.'),
('TNGS01E01A', 'An introduction to the main focus of the series: A new mission, for a new Enterprise'),
('TNGS01E01B', 'There are several side plots focused on introducing the main characters'),
('TNGS01E02A', 'The Farpoint mystery continues, as Riker and Troi explore the Bandi ruins.'),
('TNGS01E02B', 'Q''s trial of mankind also continues, as Picard watches his crew, and a strange alien life form attacks.'),
('TNGS01E03A', 'The new Enterprise encounters intoxicating water in follow up to The Naked Time from The Original Series.'),
('TNGS01E03B', 'Data''s quest to be human leads him to a sexual encounter with Yar. Wesley''s quest for Starfleet leads him to take over the ship.'),
('TNGS01E04A', 'The Enterprise encounters a warrior people, and Lt. Yar is kidnapped to be the leader''s new wife.'),
('TNGS01E04B', 'Data continues his attempts to be human, and his relationship with Geordi is explored.'),
('TNGS01E05A', 'While chasing Ferengi marauders the Enterprise becomes trapped in an energy draining force field.'),
('TNGS01E05B', 'Introduction of the Ferengi people. This episode inspired Armin Shimmerman to make ammends by playing Quark in DS9.'),
('TNGS01E06A', 'An alien known as The Traveler sends the Enterprise farther than any ship has ever gone. First to a distant galaxy, then beyond the known universe.'),
('TNGS01E06B', 'Wesley Crusher displays intelligence far greater than mankind should have, according to The Traveler.'),
('TNGS01E07A', 'An energy based alien tries to take over the Enterprise, and can control a crewmember by inhabiting them.'),
('TNGS01E07B', 'Data begins his fascination with Sherlock Holmes. Two rival species try to join the Federation.'),
('TNGS01E08A', 'The Enterprise visits a planet with no crime, because the punishment is always the death sentence. Wesley Crusher accidently breaks the law. The planet and it''s inhabitants turn out to belong to an energy being.'),
('TNGS01E08B', 'No room for a B plot'),
('TNGS01E09A', 'Picard''s old ship, the Stargazer, is found and returned. It turns out to be a revenge plot by a Ferengi, who''s son was killed by Picard in charge of the Stargazer.'),
('TNGS01E09B', 'No room for a B plot.'),
('TNGS01E10A', 'Q returns to the Enterprise to test Riker for possible admission into the Continuum. This is a continuation of the Trial of Mankind.'),
('TNGS01E10B', 'No room for a B plot.'),
('TNGS01E11A', 'Troi''s arranged marriage draws near, and the families meet on the Enterprise. Lwaxana Troi is attracted to Picard'),
('TNGS01E11B', 'A plague ship threatens to land on the planet the Enterprise is orbiting. The ship holds the last of a species that was thought to be extinct.'),
('TNGS01E12A', 'The captain and several senior officers get trapped on the holodeck.'),
('TNGS01E12B', 'Picard must deliver a speech to an alien race in just the right way, or they they will not agree to diplomatic relations with The Federaton'),
('TNGS01E13A', 'Data''s brother Lore is discovered while investigating the ruins of his home planet. Lore tries to take Data''s place, and destroy the Enterprise like he destroyed the planet: with the help of a crystaline lifeform.'),
('TNGS01E13B', 'Wesley is an insufferable know-it-all, leading Picard and his mother to both tell him to shut up.'),
('TNGS01E14A', 'The Enterprise encounters a planet similar to Earth of the 1980''s, except gender roles are reversed.'),
('TNGS01E14B', 'Riker seduces an alien.'),
('TNGS01E15A', 'Techno-organic aliens steal the Enterprise while doing a maintenance check and upgrade. They use it to save their species.'),
('TNGS01E15B', 'Riker falls in love with a hologram, Picard seems to approve.'),
('TNGS01E16A', 'An elderly Starfleet diplomat uses illegal drugs to reverse the aging process. He accidently overdoses and dies.'),
('TNGS01E16B', 'No room for a B plot.'),
('TNGS01E17A', 'A xenophobic race of aliens has become sterile due to years of exposure to a planet cloak. They kidnap children from the Enterprise to continue their culture and technology.'),
('TNGS01E17B', 'No room for a B plot.'),
('TNGS01E18A', 'A terraforming project is threatened by a non-oreganic lifeform, Picard must fight to get it recognized as a species.'),
('TNGS01E18B', 'No room for a B plot.'),
('TNGS01E19A', 'Wesley Crusher faces the entrence examination for Starfleet Academy.'),
('TNGS01E19B', 'Admiral Quinn and Lt. Commander Remmick investigate the Enterprise and its crew.'),
('TNGS01E20A', 'Klingon fugitives come aboard the Enterprise, Worf explores his Klingon heritage.'),
('TNGS01E20B', 'No room for a B plot.'),
('TNGS01E21A', 'The Enterprise visits the homeworld of a now extinct race of arms dealers. The automated systems that destroyed the inhabitants now threaten the Enterprise and her crew.'),
('TNGS01E21B', 'No room for a B plot.'),
('TNGS01E22A', 'Picard rescues survivors that turn out to be from separate planets in the solar system. When the parasitic nature of their relationship is revealed, Picard questions whether to violate the prime directive in order to save a race of people.'),
('TNGS01E22B', 'No room for a B plot.'),
('TNGS01E23A', 'When the Enterprise crew tries to rescue a crashed shuttle, they encounter of being of pure evil. During the encounter the Enterprise loses a member of the bridge crew.'),
('TNGS01E23B', 'No room for a B plot.'),
('TNGS01E24A', 'Picard must meet a former flame when her husband starts unraveling time.'),
('TNGS01E24B', 'No room for a B plot.'),
('TNGS01E25A', 'Admiral Quinn and Lt. Commander Remmick return as Picard investigates a possible consipiracy at Starfleet Command.'),
('TNGS01E25B', 'The alien parasite was originally intended to be the biological component of the Borg.'),
('TNGS01E26A', 'The Enterprise investigates a series of missing settlements along the Neutral Zone, and encounters the Romulans.'),
('TNGS01E26B', 'Data finds 3 frozen people from the 20th century and revives them.');

-- --------------------------------------------------------

--
-- Table structure for table `Plot_Participant`
--

CREATE TABLE IF NOT EXISTS `Plot_Participant` (
  `Character_name` varchar(25) NOT NULL,
  `Episode_Title` varchar(50) NOT NULL,
  `Plot_Title` varchar(25) NOT NULL,
  PRIMARY KEY (`Character_name`,`Episode_Title`,`Plot_Title`)
) ENGINE=MyISAM DEFAULT CHARSET=latin1;

--
-- Dumping data for table `Plot_Participant`
--

INSERT INTO `Plot_Participant` (`Character_name`, `Episode_Title`, `Plot_Title`) VALUES
('Argyle', 'Datalore', 'STGS01E13A'),
('Argyle', 'Where No One Has Gone Before', 'STGS01E06A'),
('Bareil Antos', 'In the Hands of the Prophets', 'DS9S01E20A'),
('Benjamin Sisko', 'A Man Alone', 'DS9S01E04A'),
('Benjamin Sisko', 'A Man Alone', 'DS9S01E04B'),
('Benjamin Sisko', 'Babel', 'DS9S01E05A'),
('Benjamin Sisko', 'Battle Lines', 'DS9S01E13A'),
('Benjamin Sisko', 'Captive Pursuit', 'DS9S01E06A'),
('Benjamin Sisko', 'Dax', 'DS9S01E08A'),
('Benjamin Sisko', 'Dax', 'DS9S01E08B'),
('Benjamin Sisko', 'Dramatis Personae', 'DS9S01E18A'),
('Benjamin Sisko', 'Duet', 'DS9S01E19A'),
('Benjamin Sisko', 'Duet', 'DS9S01E20A'),
('Benjamin Sisko', 'Emissary Part 1', 'DS9S01E01A'),
('Benjamin Sisko', 'Emissary Part 2', 'DS9S01E02A'),
('Benjamin Sisko', 'If Wishes Were Horses', 'DS9S01E16A'),
('Benjamin Sisko', 'Move Along Home', 'DS9S01E10A'),
('Benjamin Sisko', 'Past Prologue', 'DS9S01E03A'),
('Benjamin Sisko', 'Progress', 'DS9S01E15A'),
('Benjamin Sisko', 'Q-Less', 'DS9S01E07A'),
('Benjamin Sisko', 'The Forsaken', 'DS9S01E17A'),
('Benjamin Sisko', 'The Passenger', 'DS9S01E09A'),
('Benjamin Sisko', 'The Storyteller', 'DS9S01E14B'),
('Benjamin Sisko', 'Vortex', 'DS9S01E12A'),
('Beverly Crusher', '11001001', 'STGS01E15A'),
('Beverly Crusher', 'Angel One', 'STGS01E14A'),
('Beverly Crusher', 'Arsenal of Freedom', 'STGS01E21A'),
('Beverly Crusher', 'Code of Honor', 'STGS01E04A'),
('Beverly Crusher', 'Coming of Age', 'STGS01E19A'),
('Beverly Crusher', 'Coming of Age', 'STGS01E19B'),
('Beverly Crusher', 'Conspiracy', 'STGS01E25A'),
('Beverly Crusher', 'Datalore', 'STGS01E13A'),
('Beverly Crusher', 'Datalore', 'STGS01E13B'),
('Beverly Crusher', 'Encounter at Farpoint Part 1', 'STGS01E01A'),
('Beverly Crusher', 'Encounter at Farpoint Part 1', 'STGS01E01B'),
('Beverly Crusher', 'Encounter at Farpoint Part 1', 'STGS01E02B'),
('Beverly Crusher', 'Encounter at Farpoint Part 2', 'STGS01E02A'),
('Beverly Crusher', 'Haven', 'STGS01E11A'),
('Beverly Crusher', 'Haven', 'STGS01E11B'),
('Beverly Crusher', 'Heart of Glory', 'STGS01E20A'),
('Beverly Crusher', 'Hide and Q', 'STGS01E10A'),
('Beverly Crusher', 'Home Soil', 'STGS01E18A'),
('Beverly Crusher', 'Justice', 'STGS01E08A'),
('Beverly Crusher', 'Lonely Among Us', 'STGS01E07A'),
('Beverly Crusher', 'Skin of Evil', 'STGS01E23A'),
('Beverly Crusher', 'Symbiosis', 'STGS01E22A'),
('Beverly Crusher', 'The Battle', 'STGS01E09A'),
('Beverly Crusher', 'The Big Goodbye', 'STGS01E12A'),
('Beverly Crusher', 'The Last Outpost', 'STGS01E05A'),
('Beverly Crusher', 'The Naked Now', 'STGS01E03A'),
('Beverly Crusher', 'The Neutral Zone', 'STGS01E26A'),
('Beverly Crusher', 'The Neutral Zone', 'STGS01E26B'),
('Beverly Crusher', 'Too Short a Season', 'STGS01E16A'),
('Beverly Crusher', 'We''ll Always Have Paris', 'STGS01E24A'),
('Beverly Crusher', 'When The Bough Breaks', 'STGS01E17A'),
('Beverly Crusher', 'Where No One Has Gone Before', 'STGS01E06A'),
('Data', '11001001', 'STGS01E15A'),
('Data', 'Angel One', 'STGS01E14A'),
('Data', 'Arsenal of Freedom', 'STGS01E21A'),
('Data', 'Code of Honor', 'STGS01E04A'),
('Data', 'Code of Honor', 'STGS01E04B'),
('Data', 'Coming of Age', 'STGS01E19A'),
('Data', 'Coming of Age', 'STGS01E19B'),
('Data', 'Conspiracy', 'STGS01E25A'),
('Data', 'Datalore', 'STGS01E13A'),
('Data', 'Encounter at Farpoint Part 1', 'STGS01E01A'),
('Data', 'Encounter at Farpoint Part 1', 'STGS01E01B'),
('Data', 'Encounter at Farpoint Part 1', 'STGS01E02B'),
('Data', 'Encounter at Farpoint Part 2', 'STGS01E02A'),
('Data', 'Haven', 'STGS01E11A'),
('Data', 'Haven', 'STGS01E11B'),
('Data', 'Heart of Glory', 'STGS01E20A'),
('Data', 'Hide and Q', 'STGS01E10A'),
('Data', 'Home Soil', 'STGS01E18A'),
('Data', 'Justice', 'STGS01E08A'),
('Data', 'Lonely Among Us', 'STGS01E07A'),
('Data', 'Lonely Among Us', 'STGS01E07B'),
('Data', 'Skin of Evil', 'STGS01E23A'),
('Data', 'Symbiosis', 'STGS01E22A'),
('Data', 'The Battle', 'STGS01E09A'),
('Data', 'The Big Goodbye', 'STGS01E12A'),
('Data', 'The Last Outpost', 'STGS01E05A'),
('Data', 'The Naked Now', 'STGS01E03A'),
('Data', 'The Naked Now', 'STGS01E03B'),
('Data', 'The Neutral Zone', 'STGS01E26A'),
('Data', 'The Neutral Zone', 'STGS01E26B'),
('Data', 'Too Short a Season', 'STGS01E16A'),
('Data', 'We''ll Always Have Paris', 'STGS01E24A'),
('Data', 'When The Bough Breaks', 'STGS01E17A'),
('Data', 'Where No One Has Gone Before', 'STGS01E06A'),
('Deanna Troi', 'Angel One', 'STGS01E14A'),
('Deanna Troi', 'Arsenal of Freedom', 'STGS01E21A'),
('Deanna Troi', 'Code of Honor', 'STGS01E04A'),
('Deanna Troi', 'Coming of Age', 'STGS01E19A'),
('Deanna Troi', 'Coming of Age', 'STGS01E19B'),
('Deanna Troi', 'Conspiracy', 'STGS01E25A'),
('Deanna Troi', 'Encounter at Farpoint Part 1', 'STGS01E01A'),
('Deanna Troi', 'Encounter at Farpoint Part 1', 'STGS01E01B'),
('Deanna Troi', 'Encounter at Farpoint Part 1', 'STGS01E02B'),
('Deanna Troi', 'Encounter at Farpoint Part 2', 'STGS01E02A'),
('Deanna Troi', 'Haven', 'STGS01E11A'),
('Deanna Troi', 'Haven', 'STGS01E11B'),
('Deanna Troi', 'Hide and Q', 'STGS01E10A'),
('Deanna Troi', 'Home Soil', 'STGS01E18A'),
('Deanna Troi', 'Justice', 'STGS01E08A'),
('Deanna Troi', 'Lonely Among Us', 'STGS01E07A'),
('Deanna Troi', 'Skin of Evil', 'STGS01E23A'),
('Deanna Troi', 'Symbiosis', 'STGS01E22A'),
('Deanna Troi', 'The Battle', 'STGS01E09A'),
('Deanna Troi', 'The Big Goodbye', 'STGS01E12A'),
('Deanna Troi', 'The Big Goodbye', 'STGS01E12B'),
('Deanna Troi', 'The Last Outpost', 'STGS01E05A'),
('Deanna Troi', 'The Naked Now', 'STGS01E03A'),
('Deanna Troi', 'The Neutral Zone', 'STGS01E26A'),
('Deanna Troi', 'The Neutral Zone', 'STGS01E26B'),
('Deanna Troi', 'Too Short a Season', 'STGS01E16A'),
('Deanna Troi', 'We''ll Always Have Paris', 'STGS01E24A'),
('Deanna Troi', 'When The Bough Breaks', 'STGS01E17A'),
('Deanna Troi', 'Where No One Has Gone Before', 'STGS01E06A'),
('Dexter Remmick', 'Coming of Age', 'STGS01E19B'),
('Dexter Remmick', 'Conspiracy', 'STGS01E25A'),
('Dexter Remmick', 'Conspiracy', 'STGS01E25B'),
('Dukat', 'Duet', 'DS9S01E19A'),
('Dukat', 'Emissary Part 1', 'DS9S01E01A'),
('Dukat', 'Emissary Part 2', 'DS9S01E02A'),
('Elim Garak', 'Past Prologue', 'DS9S01E03A'),
('Elim Garak', 'Past Prologue', 'DS9S01E03B'),
('Geordi LaForge', '11001001', 'STGS01E15A'),
('Geordi LaForge', 'Angel One', 'STGS01E14A'),
('Geordi LaForge', 'Arsenal of Freedom', 'STGS01E21A'),
('Geordi LaForge', 'Code of Honor', 'STGS01E04A'),
('Geordi LaForge', 'Code of Honor', 'STGS01E04B'),
('Geordi LaForge', 'Coming of Age', 'STGS01E19A'),
('Geordi LaForge', 'Coming of Age', 'STGS01E19B'),
('Geordi LaForge', 'Conspiracy', 'STGS01E25A'),
('Geordi LaForge', 'Datalore', 'STGS01E13A'),
('Geordi LaForge', 'Encounter at Farpoint Part 1', 'STGS01E01A'),
('Geordi LaForge', 'Encounter at Farpoint Part 1', 'STGS01E01B'),
('Geordi LaForge', 'Encounter at Farpoint Part 1', 'STGS01E02B'),
('Geordi LaForge', 'Encounter at Farpoint Part 2', 'STGS01E02A'),
('Geordi LaForge', 'Haven', 'STGS01E11B'),
('Geordi LaForge', 'Heart of Glory', 'STGS01E20A'),
('Geordi LaForge', 'Hide and Q', 'STGS01E10A'),
('Geordi LaForge', 'Home Soil', 'STGS01E18A'),
('Geordi LaForge', 'Justice', 'STGS01E08A'),
('Geordi LaForge', 'Lonely Among Us', 'STGS01E07A'),
('Geordi LaForge', 'Skin of Evil', 'STGS01E23A'),
('Geordi LaForge', 'Symbiosis', 'STGS01E22A'),
('Geordi LaForge', 'The Battle', 'STGS01E09A'),
('Geordi LaForge', 'The Big Goodbye', 'STGS01E12A'),
('Geordi LaForge', 'The Last Outpost', 'STGS01E05A'),
('Geordi LaForge', 'The Naked Now', 'STGS01E03A'),
('Geordi LaForge', 'The Neutral Zone', 'STGS01E26A'),
('Geordi LaForge', 'The Neutral Zone', 'STGS01E26B'),
('Geordi LaForge', 'Too Short a Season', 'STGS01E16A'),
('Geordi LaForge', 'We''ll Always Have Paris', 'STGS01E24A'),
('Geordi LaForge', 'When The Bough Breaks', 'STGS01E17A'),
('Geordi LaForge', 'Where No One Has Gone Before', 'STGS01E06A'),
('George Primmin', 'Move Along Home', 'DS9S01E10A'),
('George Primmin', 'The Passenger', 'DS9S01E09A'),
('George Primmin', 'The Passenger', 'DS9S01E09B'),
('Gregory Quinn', 'Coming of Age', 'STGS01E19B'),
('Gregory Quinn', 'Conspiracy', 'STGS01E25A'),
('Gregory Quinn', 'Conspiracy', 'STGS01E25B'),
('Jadzia Dax', 'A Man Alone', 'DS9S01E04A'),
('Jadzia Dax', 'A Man Alone', 'DS9S01E04B'),
('Jadzia Dax', 'Babel', 'DS9S01E05A'),
('Jadzia Dax', 'Battle Lines', 'DS9S01E13A'),
('Jadzia Dax', 'Dax', 'DS9S01E08A'),
('Jadzia Dax', 'Dax', 'DS9S01E08B'),
('Jadzia Dax', 'Dramatis Personae', 'DS9S01E18A'),
('Jadzia Dax', 'Duet', 'DS9S01E19A'),
('Jadzia Dax', 'Emissary Part 1', 'DS9S01E01A'),
('Jadzia Dax', 'Emissary Part 2', 'DS9S01E02A'),
('Jadzia Dax', 'If Wishes Were Horses', 'DS9S01E16A'),
('Jadzia Dax', 'In the Hands of the Prophets', 'DS9S01E20A'),
('Jadzia Dax', 'Move Along Home', 'DS9S01E10A'),
('Jadzia Dax', 'Past Prologue', 'DS9S01E03A'),
('Jadzia Dax', 'Q-Less', 'DS9S01E07A'),
('Jadzia Dax', 'The Forsaken', 'DS9S01E17A'),
('Jadzia Dax', 'The Passenger', 'DS9S01E09A'),
('Jadzia Dax', 'Vortex', 'DS9S01E12A'),
('Jake Sisko', 'A Man Alone', 'DS9S01E04B'),
('Jake Sisko', 'Babel', 'DS9S01E05A'),
('Jake Sisko', 'Emissary Part 1', 'DS9S01E01A'),
('Jake Sisko', 'Emissary Part 2', 'DS9S01E02A'),
('Jake Sisko', 'If Wishes Were Horses', 'DS9S01E16A'),
('Jake Sisko', 'In the Hands of the Prophets', 'DS9S01E20A'),
('Jake Sisko', 'Progress', 'DS9S01E15B'),
('Jake Sisko', 'The Nagus', 'DS9S01E11A'),
('Jake Sisko', 'The Storyteller', 'DS9S01E14B'),
('Jake Sisko Prophet', 'Emissary Part 2', 'DS9S01E02A'),
('Jean Luc Picard', '11001001', 'STGS01E15A'),
('Jean Luc Picard', '11001001', 'STGS01E15B'),
('Jean Luc Picard', 'Angel One', 'STGS01E14A'),
('Jean Luc Picard', 'Arsenal of Freedom', 'STGS01E21A'),
('Jean Luc Picard', 'Code of Honor', 'STGS01E04A'),
('Jean Luc Picard', 'Coming of Age', 'STGS01E19A'),
('Jean Luc Picard', 'Coming of Age', 'STGS01E19B'),
('Jean Luc Picard', 'Conspiracy', 'STGS01E25A'),
('Jean Luc Picard', 'Datalore', 'STGS01E13A'),
('Jean Luc Picard', 'Datalore', 'STGS01E13B'),
('Jean Luc Picard', 'Emissary Part 1', 'DS9S01E01A'),
('Jean Luc Picard', 'Emissary Part 2', 'DS9S01E02A'),
('Jean Luc Picard', 'Encounter at Farpoint Part 1', 'STGS01E01A'),
('Jean Luc Picard', 'Encounter at Farpoint Part 1', 'STGS01E01B'),
('Jean Luc Picard', 'Encounter at Farpoint Part 1', 'STGS01E02B'),
('Jean Luc Picard', 'Encounter at Farpoint Part 2', 'STGS01E02A'),
('Jean Luc Picard', 'Haven', 'STGS01E11A'),
('Jean Luc Picard', 'Haven', 'STGS01E11B'),
('Jean Luc Picard', 'Heart of Glory', 'STGS01E20A'),
('Jean Luc Picard', 'Hide and Q', 'STGS01E10A'),
('Jean Luc Picard', 'Home Soil', 'STGS01E18A'),
('Jean Luc Picard', 'Justice', 'STGS01E08A'),
('Jean Luc Picard', 'Lonely Among Us', 'STGS01E07A'),
('Jean Luc Picard', 'Lonely Among Us', 'STGS01E07B'),
('Jean Luc Picard', 'Skin of Evil', 'STGS01E23A'),
('Jean Luc Picard', 'Symbiosis', 'STGS01E22A'),
('Jean Luc Picard', 'The Battle', 'STGS01E09A'),
('Jean Luc Picard', 'The Big Goodbye', 'STGS01E12A'),
('Jean Luc Picard', 'The Big Goodbye', 'STGS01E12B'),
('Jean Luc Picard', 'The Last Outpost', 'STGS01E05A'),
('Jean Luc Picard', 'The Naked Now', 'STGS01E03A'),
('Jean Luc Picard', 'The Neutral Zone', 'STGS01E26A'),
('Jean Luc Picard', 'The Neutral Zone', 'STGS01E26B'),
('Jean Luc Picard', 'Too Short a Season', 'STGS01E16A'),
('Jean Luc Picard', 'We''ll Always Have Paris', 'STGS01E24A'),
('Jean Luc Picard', 'When The Bough Breaks', 'STGS01E17A'),
('Jean Luc Picard', 'Where No One Has Gone Before', 'STGS01E06A'),
('Jean Luc Picard Prophet', 'Emissary Part 2', 'DS9S01E02A'),
('Jennifer Sisko', 'Emissary Part 1', 'DS9S01E01A'),
('Jennifer Sisko Prophet', 'Emissary Part 2', 'DS9S01E02A'),
('Julian Bashir', 'A Man Alone', 'DS9S01E04A'),
('Julian Bashir', 'A Man Alone', 'DS9S01E04B'),
('Julian Bashir', 'Babel', 'DS9S01E05A'),
('Julian Bashir', 'Battle Lines', 'DS9S01E13A'),
('Julian Bashir', 'Dax', 'DS9S01E08A'),
('Julian Bashir', 'Dax', 'DS9S01E08B'),
('Julian Bashir', 'Dramatis Personae', 'DS9S01E18A'),
('Julian Bashir', 'Emissary Part 1', 'DS9S01E01A'),
('Julian Bashir', 'Emissary Part 2', 'DS9S01E02A'),
('Julian Bashir', 'If Wishes Were Horses', 'DS9S01E16A'),
('Julian Bashir', 'Move Along Home', 'DS9S01E10A'),
('Julian Bashir', 'Past Prologue', 'DS9S01E03A'),
('Julian Bashir', 'Past Prologue', 'DS9S01E03B'),
('Julian Bashir', 'The Forsaken', 'DS9S01E17A'),
('Julian Bashir', 'The Passenger', 'DS9S01E09A'),
('Julian Bashir', 'The Storyteller', 'DS9S01E14A'),
('Kai Opaka Prophet', 'Emissary Part 1', 'DS9S01E01A'),
('Keiko O''Brien', 'A Man Alone', 'DS9S01E04B'),
('Keiko O''Brien', 'If Wishes Were Horses', 'DS9S01E16A'),
('Keiko O''Brien', 'In the Hands of the Prophets', 'DS9S01E20A'),
('Kira Nerys', 'A Man Alone', 'DS9S01E04A'),
('Kira Nerys', 'Babel', 'DS9S01E05A'),
('Kira Nerys', 'Battle Lines', 'DS9S01E13A'),
('Kira Nerys', 'Dax', 'DS9S01E08A'),
('Kira Nerys', 'Dramatis Personae', 'DS9S01E18A'),
('Kira Nerys', 'Duet', 'DS9S01E19A'),
('Kira Nerys', 'Emissary Part 1', 'DS9S01E01A'),
('Kira Nerys', 'Emissary Part 2', 'DS9S01E02A'),
('Kira Nerys', 'If Wishes Were Horses', 'DS9S01E16A'),
('Kira Nerys', 'In the Hands of the Prophets', 'DS9S01E20A'),
('Kira Nerys', 'Move Along Home', 'DS9S01E10A'),
('Kira Nerys', 'Past Prologue', 'DS9S01E03A'),
('Kira Nerys', 'Progress', 'DS9S01E15A'),
('Kira Nerys', 'Q-Less', 'DS9S01E07A'),
('Kira Nerys', 'The Forsaken', 'DS9S01E17A'),
('Kira Nerys', 'The Passenger', 'DS9S01E09A'),
('Leonard McCoy', 'Encounter at Farpoint Part 2', 'STGS01E02B'),
('Letek', 'The Last Outpost', 'STGS01E05B'),
('Locutus', 'Emissary Part 1', 'DS9S01E01A'),
('Locutus Prophet', 'Emissary Part 2', 'DS9S01E02A'),
('Lwaxana Troi', 'Haven', 'STGS01E11A'),
('Lwaxana Troi', 'The Forsaken', 'DS9S01E17A'),
('Miles O''Brien', 'A Man Alone', 'DS9S01E04B'),
('Miles O''Brien', 'Babel', 'DS9S01E05A'),
('Miles O''Brien', 'Battle Lines', 'DS9S01E13A'),
('Miles O''Brien', 'Captive Pursuit', 'DS9S01E06A'),
('Miles O''Brien', 'Dramatis Personae', 'DS9S01E18A'),
('Miles O''Brien', 'Emissary Part 1', 'DS9S01E01A'),
('Miles O''Brien', 'Emissary Part 2', 'DS9S01E02A'),
('Miles O''Brien', 'If Wishes Were Horses', 'DS9S01E16A'),
('Miles O''Brien', 'In the Hands of the Prophets', 'DS9S01E20A'),
('Miles O''Brien', 'Past Prologue', 'DS9S01E03A'),
('Miles O''Brien', 'Q-Less', 'DS9S01E07A'),
('Miles O''Brien', 'The Forsaken', 'DS9S01E17A'),
('Miles O''Brien', 'The Nagus', 'DS9S01E11A'),
('Miles O''Brien', 'The Storyteller', 'DS9S01E14A'),
('Molly O''Brien', 'If Wishes Were Horses', 'DS9S01E16A'),
('Nog', 'A Man Alone', 'DS9S01E04B'),
('Nog', 'Emissary Part 1', 'DS9S01E01A'),
('Nog', 'Progress', 'DS9S01E15B'),
('Nog', 'The Nagus', 'DS9S01E11A'),
('Nog', 'The Storyteller', 'DS9S01E14B'),
('Odo', 'A Man Alone', 'DS9S01E04A'),
('Odo', 'Babel', 'DS9S01E05B'),
('Odo', 'Captive Pursuit', 'DS9S01E06A'),
('Odo', 'Dax', 'DS9S01E08A'),
('Odo', 'Dramatis Personae', 'DS9S01E18A'),
('Odo', 'Duet', 'DS9S01E19A'),
('Odo', 'Emissary Part 1', 'DS9S01E01A'),
('Odo', 'Emissary Part 2', 'DS9S01E02A'),
('Odo', 'If Wishes Were Horses', 'DS9S01E16A'),
('Odo', 'In the Hands of the Prophets', 'DS9S01E20A'),
('Odo', 'Move Along Home', 'DS9S01E10A'),
('Odo', 'Past Prologue', 'DS9S01E03A'),
('Odo', 'The Forsaken', 'DS9S01E17A'),
('Odo', 'The Passenger', 'DS9S01E09A'),
('Odo', 'The Passenger', 'DS9S01E09B'),
('Odo', 'Vortex', 'DS9S01E12A'),
('Opaka', 'Battle Lines', 'DS9S01E13A'),
('Opaka', 'Emissary Part 1', 'DS9S01E01A'),
('Q', 'Encounter at Farpoint Part 1', 'STGS01E01A'),
('Q', 'Encounter at Farpoint Part 1', 'STGS01E01B'),
('Q', 'Encounter at Farpoint Part 1', 'STGS01E02B'),
('Q', 'Encounter at Farpoint Part 2', 'STGS01E02A'),
('Q', 'Hide and Q', 'STGS01E10A'),
('Q', 'Q-Less', 'DS9S01E07A'),
('Quark', 'A Man Alone', 'DS9S01E04A'),
('Quark', 'Babel', 'DS9S01E05B'),
('Quark', 'Dramatis Personae', 'DS9S01E18A'),
('Quark', 'Emissary Part 1', 'DS9S01E01A'),
('Quark', 'Emissary Part 2', 'DS9S01E02A'),
('Quark', 'If Wishes Were Horses', 'DS9S01E16A'),
('Quark', 'In the Hands of the Prophets', 'DS9S01E20A'),
('Quark', 'Move Along Home', 'DS9S01E10A'),
('Quark', 'Past Prologue', 'DS9S01E03A'),
('Quark', 'Progress', 'DS9S01E15B'),
('Quark', 'Q-Less', 'DS9S01E07A'),
('Quark', 'The Forsaken', 'DS9S01E17A'),
('Quark', 'The Nagus', 'DS9S01E11A'),
('Quark', 'The Passenger', 'DS9S01E09B'),
('Quark', 'Vortex', 'DS9S01E12A'),
('Rom', 'A Man Alone', 'DS9S01E04B'),
('Rom', 'Emissary Part 1', 'DS9S01E01A'),
('Rom', 'Progress', 'DS9S01E15B'),
('Rom', 'The Nagus', 'DS9S01E11A'),
('Rom', 'Vortex', 'DS9S01E12A'),
('Tasha Yar', '11001001', 'STGS01E15A'),
('Tasha Yar', 'Angel One', 'STGS01E14A'),
('Tasha Yar', 'Arsenal of Freedom', 'STGS01E21A'),
('Tasha Yar', 'Code of Honor', 'STGS01E04A'),
('Tasha Yar', 'Coming of Age', 'STGS01E19A'),
('Tasha Yar', 'Coming of Age', 'STGS01E19B'),
('Tasha Yar', 'Datalore', 'STGS01E13A'),
('Tasha Yar', 'Encounter at Farpoint Part 1', 'STGS01E01A'),
('Tasha Yar', 'Encounter at Farpoint Part 1', 'STGS01E01B'),
('Tasha Yar', 'Encounter at Farpoint Part 1', 'STGS01E02B'),
('Tasha Yar', 'Encounter at Farpoint Part 2', 'STGS01E02A'),
('Tasha Yar', 'Haven', 'STGS01E11B'),
('Tasha Yar', 'Heart of Glory', 'STGS01E20A'),
('Tasha Yar', 'Hide and Q', 'STGS01E10A'),
('Tasha Yar', 'Home Soil', 'STGS01E18A'),
('Tasha Yar', 'Justice', 'STGS01E08A'),
('Tasha Yar', 'Lonely Among Us', 'STGS01E07A'),
('Tasha Yar', 'Skin of Evil', 'STGS01E23A'),
('Tasha Yar', 'Symbiosis', 'STGS01E22A'),
('Tasha Yar', 'The Battle', 'STGS01E09A'),
('Tasha Yar', 'The Big Goodbye', 'STGS01E12A'),
('Tasha Yar', 'The Last Outpost', 'STGS01E05A'),
('Tasha Yar', 'The Naked Now', 'STGS01E03A'),
('Tasha Yar', 'The Naked Now', 'STGS01E03B'),
('Tasha Yar', 'Too Short a Season', 'STGS01E16A'),
('Tasha Yar', 'When The Bough Breaks', 'STGS01E17A'),
('Tasha Yar', 'Where No One Has Gone Before', 'STGS01E06A'),
('Wesley Crusher', '11001001', 'STGS01E15A'),
('Wesley Crusher', 'Angel One', 'STGS01E14A'),
('Wesley Crusher', 'Code of Honor', 'STGS01E04A'),
('Wesley Crusher', 'Coming of Age', 'STGS01E19A'),
('Wesley Crusher', 'Coming of Age', 'STGS01E19B'),
('Wesley Crusher', 'Datalore', 'STGS01E13A'),
('Wesley Crusher', 'Datalore', 'STGS01E13B'),
('Wesley Crusher', 'Encounter at Farpoint Part 1', 'STGS01E01A'),
('Wesley Crusher', 'Encounter at Farpoint Part 1', 'STGS01E01B'),
('Wesley Crusher', 'Encounter at Farpoint Part 1', 'STGS01E02B'),
('Wesley Crusher', 'Encounter at Farpoint Part 2', 'STGS01E02A'),
('Wesley Crusher', 'Hide and Q', 'STGS01E10A'),
('Wesley Crusher', 'Home Soil', 'STGS01E18A'),
('Wesley Crusher', 'Justice', 'STGS01E08A'),
('Wesley Crusher', 'Lonely Among Us', 'STGS01E07A'),
('Wesley Crusher', 'Skin of Evil', 'STGS01E23A'),
('Wesley Crusher', 'Symbiosis', 'STGS01E22A'),
('Wesley Crusher', 'The Battle', 'STGS01E09A'),
('Wesley Crusher', 'The Big Goodbye', 'STGS01E12A'),
('Wesley Crusher', 'The Naked Now', 'STGS01E03A'),
('Wesley Crusher', 'When The Bough Breaks', 'STGS01E17A'),
('Wesley Crusher', 'Where No One Has Gone Before', 'STGS01E06A'),
('Wesley Crusher', 'Where No One Has Gone Before', 'STGS01E06B'),
('William Riker', '11001001', 'STGS01E15A'),
('William Riker', '11001001', 'STGS01E15B'),
('William Riker', 'Angel One', 'STGS01E14A'),
('William Riker', 'Angel One', 'STGS01E14B'),
('William Riker', 'Arsenal of Freedom', 'STGS01E21A'),
('William Riker', 'Code of Honor', 'STGS01E04A'),
('William Riker', 'Coming of Age', 'STGS01E19A'),
('William Riker', 'Coming of Age', 'STGS01E19B'),
('William Riker', 'Conspiracy', 'STGS01E25A'),
('William Riker', 'Datalore', 'STGS01E13A'),
('William Riker', 'Encounter at Farpoint Part 1', 'STGS01E01A'),
('William Riker', 'Encounter at Farpoint Part 1', 'STGS01E01B'),
('William Riker', 'Encounter at Farpoint Part 1', 'STGS01E02B'),
('William Riker', 'Encounter at Farpoint Part 2', 'STGS01E02A'),
('William Riker', 'Haven', 'STGS01E11A'),
('William Riker', 'Haven', 'STGS01E11B'),
('William Riker', 'Heart of Glory', 'STGS01E20A'),
('William Riker', 'Hide and Q', 'STGS01E10A'),
('William Riker', 'Home Soil', 'STGS01E18A'),
('William Riker', 'Justice', 'STGS01E08A'),
('William Riker', 'Lonely Among Us', 'STGS01E07A'),
('William Riker', 'Skin of Evil', 'STGS01E23A'),
('William Riker', 'Symbiosis', 'STGS01E22A'),
('William Riker', 'The Battle', 'STGS01E09A'),
('William Riker', 'The Big Goodbye', 'STGS01E12A'),
('William Riker', 'The Last Outpost', 'STGS01E05A'),
('William Riker', 'The Naked Now', 'STGS01E03A'),
('William Riker', 'The Neutral Zone', 'STGS01E26A'),
('William Riker', 'The Neutral Zone', 'STGS01E26B'),
('William Riker', 'Too Short a Season', 'STGS01E16A'),
('William Riker', 'We''ll Always Have Paris', 'STGS01E24A'),
('William Riker', 'When The Bough Breaks', 'STGS01E17A'),
('William Riker', 'Where No One Has Gone Before', 'STGS01E06A'),
('Winn Adami', 'In the Hands of the Prophets', 'DS9S01E20A'),
('Worf', '11001001', 'STGS01E15A'),
('Worf', 'Angel One', 'STGS01E14A'),
('Worf', 'Arsenal of Freedom', 'STGS01E21A'),
('Worf', 'Coming of Age', 'STGS01E19A'),
('Worf', 'Coming of Age', 'STGS01E19B'),
('Worf', 'Conspiracy', 'STGS01E25A'),
('Worf', 'Datalore', 'STGS01E13A'),
('Worf', 'Encounter at Farpoint Part 1', 'STGS01E01A'),
('Worf', 'Encounter at Farpoint Part 1', 'STGS01E01B'),
('Worf', 'Encounter at Farpoint Part 1', 'STGS01E02B'),
('Worf', 'Encounter at Farpoint Part 2', 'STGS01E02A'),
('Worf', 'Heart of Glory', 'STGS01E20A'),
('Worf', 'Hide and Q', 'STGS01E10A'),
('Worf', 'Home Soil', 'STGS01E18A'),
('Worf', 'Justice', 'STGS01E08A'),
('Worf', 'Lonely Among Us', 'STGS01E07A'),
('Worf', 'Skin of Evil', 'STGS01E23A'),
('Worf', 'Symbiosis', 'STGS01E22A'),
('Worf', 'The Battle', 'STGS01E09A'),
('Worf', 'The Big Goodbye', 'STGS01E12A'),
('Worf', 'The Last Outpost', 'STGS01E05A'),
('Worf', 'The Naked Now', 'STGS01E03A'),
('Worf', 'The Neutral Zone', 'STGS01E26A'),
('Worf', 'The Neutral Zone', 'STGS01E26B'),
('Worf', 'Too Short a Season', 'STGS01E16A'),
('Worf', 'We''ll Always Have Paris', 'STGS01E24A'),
('Worf', 'When The Bough Breaks', 'STGS01E17A'),
('Worf', 'Where No One Has Gone Before', 'STGS01E06A'),
('Zek', 'The Nagus', 'DS9S01E11A');

-- --------------------------------------------------------

--
-- Table structure for table `Plot_Type`
--

CREATE TABLE IF NOT EXISTS `Plot_Type` (
  `Plot_Title` varchar(25) NOT NULL,
  `type` varchar(25) NOT NULL,
  PRIMARY KEY (`Plot_Title`,`type`)
) ENGINE=InnoDB DEFAULT CHARSET=latin1;

--
-- Dumping data for table `Plot_Type`
--

INSERT INTO `Plot_Type` (`Plot_Title`, `type`) VALUES
('DS9S01E01A', 'Cardassians'),
('DS9S01E01A', 'The Bajoran Wormhole'),
('DS9S01E01A', 'The Emissary'),
('DS9S01E01A', 'The Prophets'),
('DS9S01E01B', 'Bajorans'),
('DS9S01E01B', 'Bashir & Dax'),
('DS9S01E01B', 'Buddy'),
('DS9S01E01B', 'Cardassians'),
('DS9S01E01B', 'Introduction'),
('DS9S01E01B', 'Religion'),
('DS9S01E01B', 'Sisko & Dax'),
('DS9S01E01B', 'Space Battle'),
('DS9S01E01B', 'The Federation'),
('DS9S01E01B', 'The Occupation'),
('DS9S01E01B', 'The Ship Itself'),
('DS9S01E02A', 'Energy Beings'),
('DS9S01E02A', 'First Contact'),
('DS9S01E02A', 'The Emissary'),
('DS9S01E02A', 'The Occupation'),
('DS9S01E02A', 'The Prophets'),
('DS9S01E02A', 'Wormholes'),
('DS9S01E02B', 'Bajorans'),
('DS9S01E02B', 'Cardassians'),
('DS9S01E02B', 'Religion'),
('DS9S01E02B', 'Space Battle'),
('DS9S01E02B', 'The Federation'),
('DS9S01E02B', 'The Gamma Quadrant'),
('DS9S01E02B', 'The Occupation'),
('DS9S01E02B', 'The Ship Itself'),
('DS9S01E03A', 'Bajorans'),
('DS9S01E03A', 'Bashir & Garak'),
('DS9S01E03A', 'Cardassians'),
('DS9S01E03A', 'Investigation'),
('DS9S01E03A', 'Klingons'),
('DS9S01E03A', 'Space Battle'),
('DS9S01E03A', 'Terrorism'),
('DS9S01E03A', 'The Federation'),
('DS9S01E03A', 'The Occupation'),
('DS9S01E03B', 'Buddy'),
('DS9S01E03B', 'Introduction'),
('DS9S01E04A', 'Bajorans'),
('DS9S01E04A', 'Cat and Mouse'),
('DS9S01E04A', 'Changelings'),
('DS9S01E04A', 'Cloning'),
('DS9S01E04A', 'Investigation'),
('DS9S01E04A', 'The Occupation'),
('DS9S01E04B', 'Bashir & Dax'),
('DS9S01E04B', 'Buddy'),
('DS9S01E04B', 'DS9 School'),
('DS9S01E04B', 'Ferengi'),
('DS9S01E04B', 'Introduction'),
('DS9S01E04B', 'Jake & Nog'),
('DS9S01E04B', 'Quark & Odo'),
('DS9S01E04B', 'Sisko & Dax'),
('DS9S01E05A', 'Alien Virus'),
('DS9S01E05A', 'Bajorans'),
('DS9S01E05A', 'Terrorism'),
('DS9S01E05A', 'The Occupation'),
('DS9S01E05A', 'The Ship Itself'),
('DS9S01E05B', 'Quark & Odo'),
('DS9S01E06A', 'First Contact'),
('DS9S01E06A', 'The Gamma Quadrant'),
('DS9S01E06A', 'The Most Dangerous Game'),
('DS9S01E07A', 'Bashir & O''Brien'),
('DS9S01E07A', 'Energy Being'),
('DS9S01E07A', 'Romance'),
('DS9S01E08A', 'Investigation'),
('DS9S01E08A', 'Sisko & Dax'),
('DS9S01E08B', 'Bashir & Dax'),
('DS9S01E09A', 'Investigation'),
('DS9S01E09A', 'Mind Control'),
('DS9S01E09A', 'Quark & Odo'),
('DS9S01E09B', 'Cat and Mouse'),
('DS9S01E09B', 'Quark & Odo'),
('DS9S01E10A', 'First Contact'),
('DS9S01E10A', 'It''s Only a Game'),
('DS9S01E10A', 'The Gamma Quadrant'),
('DS9S01E11A', 'Ferengi'),
('DS9S01E11B', 'DS9 School'),
('DS9S01E11B', 'Jake & Nog'),
('DS9S01E12A', 'Cat and Mouse'),
('DS9S01E12A', 'Changelings'),
('DS9S01E12A', 'Quark & Odo'),
('DS9S01E12A', 'The Gamma Quadrant'),
('DS9S01E13A', 'Bajorans'),
('DS9S01E13A', 'Lost Away Team'),
('DS9S01E13A', 'Religion'),
('DS9S01E13A', 'The Gamma Quadrant'),
('DS9S01E13A', 'War'),
('DS9S01E14A', 'Bajorans'),
('DS9S01E14A', 'Bashir & O''Brien'),
('DS9S01E14A', 'Energy Beings'),
('DS9S01E14A', 'God to the Locals'),
('DS9S01E14B', 'Bajorans'),
('DS9S01E14B', 'Jake & Nog'),
('DS9S01E14B', 'The Occupation'),
('DS9S01E15A', 'Bajorans'),
('DS9S01E15A', 'Social Commentary'),
('DS9S01E15A', 'The Occupation'),
('DS9S01E15B', 'Jake & Nog'),
('DS9S01E16A', 'Bashir & Dax'),
('DS9S01E16A', 'Energy Beings'),
('DS9S01E17A', 'Bottle Episode'),
('DS9S01E17A', 'Changelings'),
('DS9S01E17A', 'Romance'),
('DS9S01E17A', 'Trapped'),
('DS9S01E18A', 'Bajorans'),
('DS9S01E18A', 'Mind Control'),
('DS9S01E18A', 'The Occupation'),
('DS9S01E19A', 'Bajorans'),
('DS9S01E19A', 'Bottle Episode'),
('DS9S01E19A', 'Cardassians'),
('DS9S01E19A', 'The Occupation'),
('DS9S01E20A', 'Bajorans'),
('DS9S01E20A', 'DS9 School'),
('DS9S01E20A', 'Religion'),
('DS9S01E20A', 'Social Commentary'),
('DS9S01E20A', 'Terrorism'),
('TNGS01E01A', 'Humanity on Trial'),
('TNGS01E01A', 'Introduction'),
('TNGS01E01B', 'Romance'),
('TNGS01E02A', 'First Contact'),
('TNGS01E02A', 'Humanity on Trial'),
('TNGS01E02A', 'Lost Away Team'),
('TNGS01E02B', 'Humanity on Trial'),
('TNGS01E03A', 'Alien Virus'),
('TNGS01E03B', 'Romance'),
('TNGS01E04A', 'Kidnapped'),
('TNGS01E04A', 'Lost Away Team'),
('TNGS01E04A', 'Romance'),
('TNGS01E04B', 'Buddy'),
('TNGS01E05A', 'First Contact'),
('TNGS01E05A', 'Investigation'),
('TNGS01E05A', 'Space Battle'),
('TNGS01E05A', 'Trapped'),
('TNGS01E05B', 'Introduction'),
('TNGS01E06A', 'Energy Beings'),
('TNGS01E06A', 'The Ship Itself'),
('TNGS01E06B', 'Energy Beings'),
('TNGS01E07A', 'Energy Beings'),
('TNGS01E07A', 'First Contact'),
('TNGS01E08A', 'Energy Beings'),
('TNGS01E08A', 'Ethical Dilema'),
('TNGS01E08A', 'First Contact'),
('TNGS01E08A', 'God to the Locals'),
('TNGS01E09A', 'Mind Control'),
('TNGS01E10A', 'Humanity on Trial'),
('TNGS01E10A', 'It''s Only a Game'),
('TNGS01E11A', 'Romance'),
('TNGS01E11B', 'Alien Virus'),
('TNGS01E11B', 'Ethical Dilema'),
('TNGS01E11B', 'First Conatact'),
('TNGS01E12A', 'Holosuite'),
('TNGS01E12A', 'Trapped'),
('TNGS01E12B', 'First Contact'),
('TNGS01E13A', 'Cat and Mouse'),
('TNGS01E13A', 'Double Cross'),
('TNGS01E13A', 'Introduction'),
('TNGS01E14A', 'Social Commentary'),
('TNGS01E14A', 'The Federation'),
('TNGS01E14B', 'Romance'),
('TNGS01E15A', 'Holosuite'),
('TNGS01E15A', 'Trapped'),
('TNGS01E15B', 'Holosuite'),
('TNGS01E15B', 'Romance'),
('TNGS01E16A', 'The Federation'),
('TNGS01E16A', 'War'),
('TNGS01E17A', 'First Contact'),
('TNGS01E17A', 'Kidnapped'),
('TNGS01E18A', 'First Contact'),
('TNGS01E18A', 'Investigation'),
('TNGS01E18A', 'The Federaton'),
('TNGS01E19A', 'First Contact'),
('TNGS01E19A', 'Introduction'),
('TNGS01E19A', 'The Federation'),
('TNGS01E19B', 'Introduction'),
('TNGS01E20A', 'Buddy'),
('TNGS01E21A', 'Investigation'),
('TNGS01E21A', 'Lost Away Team'),
('TNGS01E21A', 'Trapped'),
('TNGS01E22A', 'Ethical Dilema'),
('TNGS01E22A', 'First Contact'),
('TNGS01E23A', 'Cat and Mouse'),
('TNGS01E23A', 'Death'),
('TNGS01E23A', 'Lost Away Team'),
('TNGS01E24A', 'Investigation'),
('TNGS01E24A', 'Romance'),
('TNGS01E25A', 'Conspiracy'),
('TNGS01E25A', 'Investigation'),
('TNGS01E25B', 'Borg'),
('TNGS01E26A', 'Borg'),
('TNGS01E26A', 'Investigation'),
('TNGS01E26A', 'Romulans'),
('TNGS01E26B', 'Social Commentary');

-- --------------------------------------------------------

--
-- Table structure for table `Type`
--

CREATE TABLE IF NOT EXISTS `Type` (
  `type` varchar(25) NOT NULL,
  PRIMARY KEY (`type`)
) ENGINE=MyISAM DEFAULT CHARSET=latin1;

--
-- Dumping data for table `Type`
--

INSERT INTO `Type` (`type`) VALUES
('Alien Virus'),
('Bajorans'),
('Bashir & Dax'),
('Bashir & Garak'),
('Bashir & O''Brien'),
('Borg'),
('Buddy'),
('Cardassians'),
('Cat and Mouse'),
('Changelings'),
('Cloning'),
('Conspiracy'),
('Death'),
('Double Cross'),
('DS9 School'),
('Energy Beings'),
('Ethical Dilema'),
('Ferengi'),
('First Contact'),
('Gamma Quadrant'),
('God to the Locals'),
('Humanity on Trial'),
('Introduction'),
('Investigation'),
('It''s Only a Game'),
('Jake & Nog'),
('Kidnapped'),
('Lost Away Team'),
('Mind Control'),
('Quark & Odo'),
('Religion'),
('Romance'),
('Sisko & Dax'),
('Social Commentary'),
('Space Battle'),
('Terrorism'),
('The Bajoran Wormhole'),
('The Dominion'),
('The Federation'),
('The Gamma Quadrant'),
('The Most Dangerous Game'),
('The Occupation'),
('The Prophets'),
('The Ship Itself'),
('Trapped'),
('War'),
('Wormholes');
